len, median BS, stdev BS, median IS, stdev IS
100,5.51,1.2766753698571927,2.27,1.0474254150057656
200,6.1,1.7406895185529216,2.64,0.9541488353501245
300,6.94,1.3770983988081613,2.96,1.1306635220082053
400,7.05,1.6271140095272982,2.78,1.1881077392223318
500,7.49,1.4525494828060073,2.47,0.9638983348880733
600,7.96,1.420704050814243,2.87,1.0262066068779723
700,8.01,1.5394479530013347,2.8,1.0770329614269014
800,8.21,1.402105559506844,2.92,1.119642800182273
900,8.42,1.56320184237353,2.83,1.1140466776576279
1000,8.29,1.7279756942735045,2.94,1.271377206025026
1100,8.71,1.4919450392021818,3.12,1.2106196760337242
1200,8.88,1.4510685717773644,3.21,1.2352732491234475
1300,8.93,1.576419994798341,3.13,1.188738827497445
1400,9.1,1.292284798332009,3.03,1.1615076409563567
1500,9.34,1.297844366632609,3.03,1.1954497061775544
1600,9.42,1.5374004032782087,3.31,1.1462547709824382
1700,9.12,1.6987053894068862,3.13,1.119419492415601
1800,9.2,1.6248076809271927,3.03,1.1615076409563567
1900,9.4,1.5099668870541512,3.2,1.0954451150103326
2000,9.4,1.5874507866387557,2.99,1.0343597053249907
2100,9.55,1.3518505834595764,3.15,1.013656746635664
2200,9.7,1.5716233645501712,3.3,1.2206555615733703
2300,9.8,1.5491933384829673,3.33,1.140657705010579
2400,9.79,1.4233411397131754,3.35,1.3143439428094923
2500,9.86,1.5557634781675513,3.21,1.2189749792346027
2600,10.26,1.3009227494359532,3.28,1.0400000000000003
2700,10.04,1.4894294209528693,3.39,1.1479982578384
2800,9.75,1.7965244223221681,3.45,1.1694015563526499
2900,10.46,1.1783038657324356,3.23,1.4889929482707427
3000,10.26,1.616292052817188,3.24,1.175755076535925
3100,10.2,1.5231546211727827,2.99,1.0246462804304721
3200,10.41,1.6498181717995464,3.32,1.028396810574596
3300,10.22,1.4112405889854491,3.24,1.2092973166264778
3400,10.55,1.409787217987168,3.38,1.2867012085173466
3500,10.33,1.7032615770926094,3.31,1.1806354221350472
3600,10.36,1.7917589123540039,3.42,1.2975361266646877
3700,10.61,1.482531618549837,3.38,1.1643023662262308
3800,10.48,1.5841717078650277,3.27,1.1300884921102419
3900,10.46,1.757384420097094,3.31,1.0834666584625485
4000,10.52,1.4386104406683555,3.28,1.0961751684835779
4100,10.49,1.5264009958068032,3.65,1.1947803145348526
4200,10.79,1.3061010680647958,3.23,1.0941206514822759
4300,10.63,1.735828332526002,3.2,1.1916375287812984
4400,10.74,1.5660140484682756,3.28,1.1142710621747298
4500,10.61,1.5867892109539934,3.35,1.3444329659748755
4600,10.47,1.693841787180846,3.22,1.1187493016757601
4700,10.97,1.5261389189716645,3.52,1.2039933554633928
4800,10.77,1.7768230075052496,3.4,1.3266499161421597
4900,10.75,1.6393596310755,3.4,1.0583005244258357
5000,10.72,1.6067358214715943,3.32,1.1565465835840771
5100,10.72,1.6797618878876845,3.52,1.1956588142108098
5200,10.98,1.5098344280085827,3.42,1.0505236789335115
5300,11.06,1.548031007441389,3.33,1.1318568814121333
5400,11.11,1.448412924548798,3.3,1.0148891565092224
5500,10.92,1.8797872220014697,3.41,1.0591978096654089
5600,10.93,2.0700483086150427,3.26,0.9013323471395
5700,11.01,1.6702993743637693,3.28,1.1496086290559933
5800,11.06,1.8155990746858193,3.49,1.1179892664958815
5900,11.01,1.4106381534610508,3.54,1.3668942899873422
6000,11.07,1.5700636929755438,3.4,1.0954451150103315
6100,11.31,1.7186913626361187,3.42,1.2663332894621384
6200,11.36,1.791758912354003,3.46,1.0992724866929044
6300,11.21,1.511919310016246,3.25,1.0897247358851685
6400,11.5,1.3674794331177345,3.63,1.2462343278854096
6500,11.22,1.66481230173254,3.45,1.2678722333105963
6600,11.44,1.4374978260853126,3.3,1.1357816691600549
6700,11.31,1.4946236984605865,3.22,1.16258333034669
6800,11.18,1.716857594560481,3.63,1.1802965729002182
6900,11.41,1.6558683522550934,3.37,1.0455142275454694
7000,11.46,1.3958509949131395,3.49,1.1357376457615551
7100,11.12,1.6987053894068866,3.66,1.1594826432508591
7200,11.49,1.6461773901982741,3.53,1.0904586191139949
7300,11.41,1.5626579920123274,3.42,1.1417530380953667
7400,11.67,1.175202110277207,3.56,1.185917366429887
7500,11.4,1.7262676501632075,3.52,1.228657804272613
7600,11.29,1.5510963864312242,3.57,1.2186467905016614
7700,11.44,1.7281203661782367,3.38,1.2147427711248169
7800,11.45,1.4517231140957971,3.4,1.0862780491200212
7900,11.51,1.664301655349775,3.73,1.1987910576910392
8000,11.48,1.5904716281656825,3.37,1.0164152694642083
8100,11.82,1.2835887191776028,3.19,0.9969453345093705
8200,11.24,1.8661189672687002,3.48,1.228657804272614
8300,11.57,1.5248278591368944,3.44,1.177454882362802
8400,11.47,1.8517829246431659,3.45,1.0988630487917956
8500,11.69,1.3167763667381038,3.52,1.1088733020503287
8600,11.53,1.4863041411501217,3.42,1.0879338215167316
8700,11.48,1.64,3.66,1.274519517308385
8800,11.48,1.6029971927611097,3.34,1.0790736768172964
8900,11.63,1.5469647701224485,3.71,1.2107435731813738
9000,11.67,1.7438749955200346,3.49,1.0816191566350881
9100,11.64,1.688312767232423,3.47,1.2446284586172696
9200,11.81,1.4946236984605865,3.47,1.0812492774564062
9300,11.85,1.444818327679989,3.5,1.1357816691600546
9400,11.79,1.5185190153567394,3.42,1.0215674231297707
9500,11.95,1.3294735800308328,3.48,1.1872657663724664
9600,11.94,1.690088755065841,3.5,1.118033988749895
9700,12.07,1.6015929570274716,3.4,1.1224972160321818
9800,11.34,1.7562459964367174,3.77,1.231706133783541
9900,11.71,1.9094239969163476,3.37,1.3390668392578464
10000,11.93,1.4089357685856374,3.62,1.1981652640600127
10100,11.75,1.49248115565993,3.59,1.0685972113008717
10200,11.87,1.507680337472105,3.35,1.0618380290797653
10300,11.98,1.7086837039077778,3.64,1.0537551897855584
10400,12.03,1.5903144343179434,3.5,1.02469507659596
10500,11.6,1.777638883463118,3.45,0.9733961166965892
10600,11.66,1.7159254063041312,3.49,1.0816191566350883
10700,11.81,1.9219521325985196,3.41,1.1322102278287365
10800,12.13,1.432864264332111,3.57,1.2430205147140576
10900,11.99,1.4999666662962885,3.73,1.3255564869140812
11000,11.55,1.8186533479473213,3.31,1.1286717857729947
11100,12.21,1.4021055595068443,3.54,1.291665591397402
11200,11.89,1.666703332930009,3.42,1.1931470990619721
11300,12.1,1.55884572681199,3.36,1.1620671237067157
11400,11.95,1.6393596310755,3.47,1.0904586191139949
11500,12.04,1.4485855169785455,3.37,1.3164725595317206
11600,12.3,1.7349351572897471,3.77,1.3989639023220002
11700,11.99,1.6093166251549138,3.48,1.1356055653262713
11800,12.14,1.643289384131717,3.52,1.17881296226331
11900,12.38,1.2631706139710501,3.4,1.0770329614269
12000,12.05,1.4097872179871689,3.43,1.259007545648556
12100,11.89,1.6179925834193436,3.53,1.071960820179544
12200,12.3,1.4933184523068082,3.63,1.2300812981262659
12300,12.03,1.851782924643167,3.34,1.1333137253205747
12400,12.19,1.5918228544659117,3.34,1.0603772913449248
12500,12.41,1.549806439527207,3.52,1.2687001221722967
12600,12.01,1.6339828640472338,3.45,1.16081867662439
12700,12.29,1.601842688905499,3.67,1.265345802537789
12800,12.29,1.5052906696050439,3.66,1.2346659467240517
12900,12.13,1.7813197354770427,3.61,1.1566762727747124
13000,12.24,1.5692036196746422,3.5,1.044030650891055
13100,12.19,1.494623698460587,3.52,1.2204917041913883
13200,12.31,1.4744151382836523,3.53,1.1441590798486025
13300,12.12,1.6017490440140745,3.55,1.2196310917650466
13400,12.33,1.3119070088996403,3.56,1.219180052330254
13500,12.17,1.6616558007000124,3.59,1.2577360613419653
13600,12.26,1.4739063742314162,3.74,1.1629273408085306
13700,12.56,1.373462777071152,3.61,1.0478072341800284
13800,12.43,1.5182555779578097,3.46,1.2523577763562619
13900,12.45,1.5960889699512364,3.57,0.9925220400575492
14000,12.3,1.621727474022686,3.51,1.2609123680890753
14100,12.47,1.6276056033327,3.55,1.1863810517704674
14200,12.54,1.4793241700181874,3.57,1.193775523287356
14300,12.26,1.6038703189472643,3.58,1.2820296408429877
14400,12.5,1.57797338380595,3.46,1.0528057750601492
14500,12.6,1.6062378404209017,3.55,1.2439855304624732
14600,12.39,1.719854645020909,3.55,1.1079259903080168
14700,12.65,1.4097872179871689,3.52,1.1788129622633097
14800,12.52,1.7057549648176318,3.53,1.0904586191139949
14900,12.36,1.4800000000000009,3.66,1.1934822998268548
15000,12.41,1.3935207210515386,3.57,1.2430205147140576
15100,12.42,1.6259151269362124,3.76,1.0307278981380097
15200,12.28,1.6497272501841025,3.86,1.392982411949267
15300,12.44,1.4718695594379294,3.42,1.0409610943738483
15400,12.47,1.539188097667079,3.57,1.0793979803575693
15500,12.62,1.4545102268461367,3.59,1.1924344845734711
15600,12.35,1.6147755261955146,3.53,1.2841728855570813
15700,12.35,1.3738631664034087,3.42,1.1677328461596
15800,12.72,1.2335315156087423,3.62,1.214742771124817
15900,12.4,1.58113883008419,3.48,1.153082824431966
16000,12.34,1.4847221962373962,3.59,1.0963119993870354
16100,12.25,1.6147755261955143,3.54,1.0432641084595986
16200,12.46,1.5647363995254921,3.62,1.0934349546269313
16300,12.88,1.210619676033725,3.58,1.2097933707869286
16400,12.41,1.7383612973142257,3.72,1.2006664815842907
16500,12.62,1.4545102268461365,3.61,1.1738398527908318
16600,12.43,1.7392814608337566,3.73,1.302727907124124
16700,12.66,1.2507597691003651,3.63,1.092291169972549
16800,12.68,1.515783625719713,3.55,0.963068014212911
16900,12.18,1.7284675293449983,3.54,1.2117755567760888
17000,12.58,1.6073580808270447,3.57,1.234949391675627
17100,12.52,1.6880758276807353,3.59,1.2090905673273609
17200,12.32,1.7825823964125753,3.69,1.2140428328522852
17300,12.58,1.4503792607452712,3.62,1.1643023662262308
17400,12.83,1.8278676100855875,3.53,1.0339729203417276
17500,12.54,1.5963708842245898,3.47,1.0531381675734675
17600,12.68,1.287478155154487,3.68,1.190630085290978
17700,12.7,1.3,3.71,1.2271511724314983
17800,12.76,1.6069847541280529,3.61,1.0853110153315506
17900,12.92,1.092520022699813,3.45,1.0988630487917956
18000,12.59,1.6005936398724072,3.66,1.1244554237496471
18100,12.5,1.6401219466856725,3.54,1.080925529349733
18200,12.99,1.499966666296289,3.51,1.1789402020458881
18300,12.69,1.9167420275039626,3.7,1.0723805294763609
18400,12.71,1.583003474411854,3.7,1.1180339887498951
18500,13.0,1.5491933384829668,3.58,1.0970870521521978
18600,12.94,1.4270248771482588,3.65,1.2114041439585719
18700,12.76,1.312402377321833,3.6,1.3190905958272923
18800,12.95,1.2196310917650472,3.74,1.145600279329575
18900,12.9,1.5779733838059504,3.5,1.1357816691600546
19000,12.77,1.2397983707038813,3.83,1.2653458025377877
19100,12.94,1.4270248771482583,3.47,1.0812492774564062
19200,12.84,1.5919798993705918,3.59,1.2007914056987583
19300,12.71,1.4580466384858886,3.52,1.0438390680559912
19400,12.72,1.6067358214715943,3.55,1.143459662602927
19500,13.15,1.275735082217307,3.68,1.1651609330903612
19600,12.8,1.6248076809271923,3.52,1.2204917041913883
19700,13.0,1.7776388834631178,3.66,1.2507597691003651
19800,12.9,1.2922847983320085,3.78,1.11874930167576
19900,12.79,1.4511719401917895,3.61,1.0944861808172828
20000,12.84,1.5409088227406573,3.58,0.9917661014573947
20100,12.74,1.4115239990875108,3.56,1.1341957503006255
20200,12.52,1.9051509126575772,3.83,1.3715319901482423
20300,12.83,1.5495483212859151,3.66,1.3283071933856259
20400,12.97,1.6214499683924881,3.69,1.1721348045340183
20500,12.74,1.8794680098368266,3.74,1.269803134347998
20600,12.83,1.6914786430812532,3.76,1.4291256067959872
20700,13.27,1.2794920867281678,3.37,1.0262066068779714
20800,13.11,1.4205280708243684,3.77,1.2235603785674
20900,12.96,1.5094369811290573,3.55,1.0712142642814275
21000,12.9,1.6522711641858305,3.79,1.3213250924734605
21100,12.73,1.859327835536273,3.64,1.220819396962548
21200,12.79,1.6810413439294112,3.54,1.2200000000000004
21300,12.92,1.6289874155437793,3.69,1.1108105148944176
21400,12.91,1.5498064395272078,3.72,1.1668761716651859
21500,12.91,1.6738876903783007,3.6,1.113552872566004
21600,13.02,1.5810123339177344,3.6,1.048808848170151
21700,12.78,1.7063411147833258,3.66,1.088301428833023
21800,13.3,1.3304134695650074,3.82,1.3592645070036957
21900,13.09,1.3863260799682022,3.71,1.0889903580840377
22000,12.98,1.7775263711123954,3.6,1.3038404810405302
22100,12.85,1.6085707942145406,3.66,1.021958903283297
22200,13.14,1.421407752898512,3.86,1.2650691680694766
22300,13.02,1.6491209779758431,3.69,1.2057777573002422
22400,12.94,1.6051168181786655,3.54,1.1783038657324354
22500,12.82,1.7110230857589268,3.55,1.2757350822173072
22600,13.06,1.6542067585401774,3.7,1.1532562594670799
22700,13.2,1.6309506430300098,3.62,1.1469960767151732
22800,12.98,1.448999654934397,3.75,1.3219304066402287
22900,13.21,1.5381482373295496,3.69,1.1286717857729947
23000,13.12,1.3876599006961325,3.64,1.1001818031580044
23100,12.85,1.7284386017443603,3.49,1.0816191566350881
23200,13.17,1.3270644294833607,3.36,1.0818502669038805
23300,13.22,1.4253420642077455,3.78,1.2456323695216016
23400,13.16,1.4540976583434833,3.58,1.1329607230614833
23500,13.25,1.69336942218761,3.49,1.0908253755757609
23600,13.34,1.3207573584879237,3.8,1.039230484541327
23700,12.9,1.5198684153570663,3.64,1.2768711759609894
23800,12.94,1.7934324631833787,3.88,1.259206099095775
23900,13.27,1.7936276090649368,3.68,1.112474718813871
24000,12.96,1.7884071124886527,3.42,0.9399999999999998
24100,13.19,1.6774683305505358,3.62,1.0934349546269313
24200,13.01,1.5132415537514166,3.84,1.155162326255492
24300,13.23,1.6843693181722346,3.45,1.1258330249197706
24400,13.04,1.7373543104387201,3.43,1.18536914081648
24500,13.07,1.4916769087171666,3.72,1.0777754868245986
24600,13.19,1.4261486598528226,3.57,1.097770467811919
24700,13.12,1.84,3.46,1.211775556776089
24800,13.16,1.7012936254509392,3.58,1.1240996397117113
24900,13.12,1.56384142418597,3.69,1.214042832852285
25000,13.3,1.2767145334803707,3.69,1.0458967444255676
25100,13.21,1.4303496076134676,3.68,1.3407460609675494
25200,13.42,1.2898061869908979,3.57,1.1336225121265013
25300,13.08,1.842172630347113,3.48,1.1530828244319662
25400,13.3,1.5842979517754863,3.7,1.2845232578665131
25500,13.18,1.5516442891333055,3.63,1.1632282665066216
25600,13.12,1.6017490440140743,3.57,1.032036821048551
25700,13.4,1.3856406460551023,3.59,1.1233432244866213
25800,13.09,1.7441043546760622,3.63,1.293483668238606
25900,13.45,1.4097872179871684,3.81,1.205777757300242
26000,13.13,1.6103105290595359,3.71,1.2271511724314978
26100,13.32,1.2952219886953742,3.56,1.1074294559925697
26200,13.11,1.4553006562219377,3.68,1.384774349849101
26300,13.01,1.797192254601605,3.6,1.1747340124470729
26400,13.24,1.407977272543843,3.68,1.2639620247459973
26500,13.36,1.5001333274079351,3.77,1.3330791424367867
26600,13.11,1.6241613220366997,3.77,1.1032225523438144
26700,13.08,1.5979987484350546,3.62,0.9877246579892596
26800,13.2,1.5297058540778363,3.84,1.1892854997854803
26900,13.02,1.9797979694908268,3.63,1.1632282665066211
27000,13.34,1.5441502517566086,3.63,1.1371455491712572
27100,13.4,1.5748015748023634,3.46,1.0622617379911607
27200,13.23,1.9383240183209822,3.6,1.2000000000000002
27300,13.12,1.607980099379343,3.56,1.1859173664298879
27400,13.28,1.6857046004564376,3.77,1.271652468247516
27500,13.33,1.5169377047196115,3.75,1.107925990308017
27600,13.07,1.6628589837986867,3.61,1.1304423912787425
27700,13.51,1.4035312607847397,3.62,1.0934349546269315
27800,13.4,1.2328828005937962,3.64,1.228983319658977
27900,13.2,1.606237840420902,3.72,1.2576167937809992
28000,13.48,1.5714961024450549,3.56,1.1341957503006257
28100,13.39,1.4892615619829834,3.62,1.0749883720301348
28200,13.35,1.3883443376914826,3.67,1.1229870880824944
28300,13.26,1.9980990966416063,3.59,1.0108906963663284
28400,13.19,1.7927353401994386,3.61,1.3482952198980749
28500,13.29,1.5639373388982054,3.9,1.1000000000000003
28600,13.33,1.5430813329180035,3.64,1.0818502669038808
28700,13.32,1.708098357823694,3.58,1.1931470990619721
28800,13.19,1.4539257202484592,3.48,1.3377593206552514
28900,13.12,1.632666530556685,3.7,1.187434208703792
29000,13.48,1.5065191668213183,3.74,1.2051555916146264
29100,13.37,1.5274488534808617,3.61,1.1991246807567593
29200,13.67,1.1406577050105786,3.57,1.0793979803575693
29300,13.26,1.6347476869535555,3.52,0.8423775875461078
29400,13.25,1.6209565077447328,3.65,1.0988630487917956
29500,13.11,1.9177851808792334,3.77,1.1389029809426259
29600,13.59,1.477125587077822,3.6,0.989949493661166
29700,13.4,1.8000000000000007,3.61,1.1304423912787425
29800,13.64,1.4249210504445506,3.59,1.1840185809352823
29900,13.46,1.5454449197561195,3.46,1.195156893466293
30000,13.3,1.4798648586948744,3.68,1.3407460609675492
30100,13.6,1.4628738838327802,3.71,1.2751078385768004
30200,13.35,1.596088969951237,3.79,1.1514773119779647
30300,13.58,1.4154857823376397,3.76,1.175755076535925
30400,13.54,1.4793241700181876,3.96,1.1993331480451959
30500,13.43,1.5182555779578097,3.5,1.02469507659596
30600,13.47,1.6276056033327002,3.63,1.137145549171257
30700,13.52,1.4729562111617576,3.88,1.1513470371699401
30800,13.52,1.3746272221951665,3.73,1.1389029809426263
30900,13.65,1.472243186433546,3.69,1.1974556359214321
31000,13.67,1.516937704719611,3.67,1.1050339361304704
31100,13.78,1.17966096824469,3.89,1.1823282116231524
31200,13.54,1.344767637921139,3.59,1.149739100839838
31300,13.38,1.6172816699635226,3.63,1.1371455491712572
31400,13.27,1.54825708459545,3.59,1.077914653393301
31500,13.59,1.4972975656161338,3.76,1.1672189169131895
31600,13.28,1.6067358214715945,3.63,1.1459057552870566
31700,13.35,1.6874537030686214,3.81,1.2222520198387894
31800,13.39,1.515882581204757,3.74,1.285457117137713
31900,13.51,1.445648643343188,3.79,1.051617801294748
32000,13.45,1.3811227316933132,3.71,1.177242540855537
32100,13.47,1.5776881821196487,3.61,0.9153687781435419
32200,13.7,1.4177446878757822,3.75,1.1258330249197703
32300,13.49,1.8573906428104994,3.66,1.2427389106324784
32400,13.49,1.5779416972752829,3.78,1.0824047302187854
32500,13.49,1.889417899777601,3.66,1.1244554237496471
32600,13.42,1.4978651474682223,3.92,1.2221292893961757
32700,13.43,1.5050249167372622,3.73,1.1122499719037982
32800,13.4,1.6431676725154996,3.44,1.0131140113531152
32900,13.67,1.3715319901482432,3.56,1.0707007051459332
33000,13.52,1.4729562111617576,3.73,1.173499041328965
33100,13.48,1.774711244118321,3.86,1.1577564510725034
33200,13.4,1.4628738838327797,3.61,1.1479982578384
33300,13.49,1.4106381534610497,3.56,1.1516944039110373
33400,13.57,1.430069928360149,3.61,1.3182943525631887
33500,13.33,1.371531990148244,3.5,1.004987562112089
33600,13.77,1.3103816238027757,3.75,1.1258330249197703
33700,13.57,1.6140322177701416,3.77,1.2558264211267411
33800,13.56,1.6811900546934015,3.6,1.113552872566004
33900,13.57,1.2747941010218082,3.76,1.0111379727811627
34000,13.6,1.574801574802363,3.77,1.103222552343814
34100,13.85,1.3883443376914817,3.93,1.3509626197641444
34200,13.65,1.4924811556599302,3.81,1.1286717857729944
34300,13.66,1.3799999999999997,3.66,1.2745195173083848
34400,13.52,1.5904716281656837,3.71,1.1772425408555365
34500,13.73,1.5482570845954498,3.37,0.9864583113340372
34600,13.29,2.1227105313725656,3.45,1.1434596626029272
34700,13.58,1.7039953051578518,3.65,1.2439855304624734
34800,13.49,1.658282243769136,3.59,1.0207350292803712
34900,13.5,1.6703293088490065,3.63,1.0359054010864117
35000,13.61,1.441492282324118,3.65,1.1694015563526503
35100,13.57,1.6867424225411545,3.8,1.3341664064126328
35200,13.69,1.426148659852823,3.61,1.1215614116043766
35300,13.77,1.4822617852457776,3.98,1.2245815611873303
35400,13.84,1.4263239463740345,3.64,1.0910545357588677
35500,13.83,1.6312878348102755,3.55,1.0988630487917954
35600,13.79,1.663099515964094,3.7,1.1445523142259595
35700,13.42,1.6743954132760879,3.65,1.1169153951844342
35800,13.66,1.274519517308385,3.48,1.1872657663724664
35900,13.6,1.5620499351813315,3.65,1.177921898938975
36000,13.74,1.480675521510368,3.53,1.0995908329919821
36100,13.52,1.577846633865282,3.64,1.1620671237067155
36200,13.57,1.620216034978053,3.6,1.1489125293076055
36300,13.68,1.5354478174135382,3.78,1.0543244282477766
36400,13.64,1.7917589123540045,3.82,1.3444701558606647
36500,13.76,1.57556339129849,3.67,1.0867842472174503
36600,13.8,1.8330302779823364,3.55,1.0988630487917954
36700,13.68,1.468877122158283,3.75,1.1779218989389746
36800,13.63,1.677229859023503,3.62,1.12942463227964
36900,13.81,1.36157996459995,3.66,1.218359552841442
37000,13.61,1.7543944824354636,3.49,0.9746281342132495
37100,13.84,1.3469966592386187,3.65,1.0712142642814277
37200,13.84,1.7872884490199108,3.77,1.231706133783541
37300,13.44,1.8456435192094933,3.63,1.0065286881157436
37400,13.46,1.5837929157563495,3.87,1.1802965729002186
37500,13.55,1.3592277219068178,3.68,1.1214276615100955
37600,13.54,1.4589036979869512,3.58,1.1847362575695908
37700,13.93,1.3057947771376637,3.58,1.1591376104673679
37800,13.82,1.4654692081377891,3.74,1.1101351269102337
37900,13.56,1.485395570210172,3.81,1.205777757300242
38000,13.65,1.7853571071357126,3.73,1.1476497723608892
38100,13.96,1.3558761005342634,3.84,1.3763720427268205
38200,13.59,1.8659849945806095,3.71,1.098134782255803
38300,13.92,1.3090454537562863,3.73,1.0849423947841657
38400,13.89,1.7714118662806788,3.57,1.1511298797268708
38500,13.76,1.6560193235587557,3.62,0.9568698971124548
38600,13.92,1.4743133995185698,3.51,1.1704272724095248
38700,13.6,1.881488772222679,3.78,1.0824047302187851
38800,13.85,1.6023420358962064,4.02,1.0860939185908374
38900,13.99,1.431747184386965,3.78,1.2375782803523987
39000,13.98,1.3113351974228415,3.81,1.2624975247500492
39100,13.56,1.6206171663906321,3.71,1.2107435731813738
39200,13.85,1.485765795810362,3.66,1.2823416081528352
39300,13.82,1.4991997865528133,3.66,1.021958903283297
39400,13.78,1.4112405889854491,3.59,1.1144056711987786
39500,13.86,1.667453147767576,3.62,1.1643023662262306
39600,13.98,1.4211263138792423,3.64,1.2768711759609903
39700,13.73,1.5222023518573342,3.74,1.1010903686800646
39800,14.0,1.606237840420901,3.71,1.2352732491234482
39900,13.7,1.596871942267131,3.6,1.1747340124470727
40000,13.93,1.4230600830604454,3.59,1.132210227828737
40100,14.24,1.312402377321833,3.8,1.2727922061357853
40200,13.52,2.012361796496842,3.85,1.2835497652993437
40300,13.71,1.6630995159640936,3.93,1.1158404903927805
40400,13.67,1.838776767310268,3.83,1.442601816164113
40500,13.94,1.4409718942436043,4.0,1.2083045973594573
40600,13.94,1.6298466185503473,3.76,1.1842297074469967
40700,13.75,1.4239030865898141,3.67,1.039759587597056
40800,14.0,1.2806248474865698,3.85,1.336974195712094
40900,13.79,1.5119193100162462,3.67,1.3568714014231424
41000,14.12,1.4510685717773648,3.69,1.1374972527439355
41100,14.07,1.3802535998866297,3.7,1.1704699910719623
41200,13.88,1.6928083175599067,3.8,1.476482306023339
41300,13.97,1.5063532122314476,3.49,1.0049378090210355
41400,13.8,1.8055470085267795,3.44,1.1253443917308157
41500,14.03,1.4384366513684221,3.69,1.1549458861782234
41600,13.93,1.282614517304401,3.71,1.1161989070053777
41700,14.11,1.5355455056754268,3.78,1.2536347155371859
41800,13.84,1.9530488985173924,3.78,1.3234802605252554
41900,13.59,1.7837881040078722,3.41,1.059197809665409
42000,14.24,1.4150618361046978,3.57,1.3729894391436526
42100,13.74,1.7754999295972953,3.85,1.2278029157808674
42200,14.05,1.7457090250096088,3.44,1.1859173664298874
42300,13.87,1.3903596656980528,3.79,1.1941105476462384
42400,14.17,1.400392802038056,3.77,1.0474254150057651
42500,13.8,1.6,3.67,1.1050339361304702
42600,13.78,1.752598071435662,3.68,1.1478675881825402
42700,14.07,1.3946684193742975,3.82,1.1347246362003418
42800,13.77,1.6604517457607728,3.64,1.1271202242884288
42900,14.0,1.816590212458495,3.9,1.1874342087037917
43000,13.89,1.76008522520928,3.81,1.1197767634667186
43100,13.72,1.7209299811439152,3.57,1.070093453862792
43200,13.9,1.8303005217723125,3.33,1.0203430795570678
43300,14.0,1.5937377450509227,3.55,1.1863810517704672
43400,14.3,1.466287829861518,3.63,1.1371455491712572
43500,14.22,1.459999999999999,3.85,1.291317157014496
43600,13.79,1.7395114256595159,3.71,1.1251222155837115
43700,14.1,1.7058722109231983,3.69,1.2222520198387898
43800,13.93,1.6386274744431695,3.67,1.1752021102772066
43900,13.97,1.3524422353653411,3.64,1.1359577456930334
44000,14.05,1.6992645467966432,3.87,1.1014081895464556
44100,13.61,1.6726924403487917,3.9,1.4106735979665885
44200,14.04,1.5291827882892226,3.55,0.9836157786453001
44300,13.89,1.6055840058994115,3.69,1.1374972527439355
44400,13.74,1.786728854639114,3.76,1.1926441212700456
44500,14.29,1.1857065404222085,3.59,1.0871522432483869
44600,14.3,1.5198684153570667,3.65,1.116915395184434
44700,14.06,1.4478950238190622,3.74,1.0919706955774962
44800,13.98,1.6732005259382396,3.76,1.1499565209172036
44900,14.01,1.6155184926208683,3.63,1.1371455491712572
45000,13.97,1.5776881821196485,3.72,1.123209686567918
45100,13.96,1.5869467539901898,3.78,1.0637668917577763
45200,14.1,1.7058722109231983,3.67,1.0959470790143107
45300,14.24,1.7442476888332117,3.7,1.2767145334803705
45400,13.8,1.97484176581315,3.82,1.3219682295728592
45500,14.18,1.5580757362849855,3.85,1.1947803145348515
45600,14.2,1.9646882704388502,3.72,1.2253978945632313
45700,13.74,1.879468009836826,3.53,1.0531381675734675
45800,14.15,1.705139290497993,3.91,1.3273658124270047
45900,14.25,1.6874537030686205,3.79,1.1514773119779647
46000,14.05,1.6515144564913748,3.74,1.2619033243477884
46100,14.03,1.9414170082699904,3.83,1.3420506696842704
46200,14.15,1.7741194999210166,3.87,1.1104503590886001
46300,14.03,1.5903144343179434,3.55,1.0897247358851683
46400,14.27,1.5802215034608285,3.72,1.1142710621747298
46500,13.79,1.914654015742792,3.44,1.1516944039110373
46600,14.02,1.679166459884189,3.96,1.0947145746723201
46700,13.92,1.7359723500102187,3.62,1.0467091286503618
46800,13.91,1.6679028748701177,3.85,1.2114041439585717
46900,14.1,1.4317821063276355,3.87,1.197121547713515
47000,14.08,1.4675149062275317,3.67,1.0775435026020992
47100,13.98,1.691035185914238,3.85,1.0988630487917947
47200,14.2,1.6062378404209017,3.63,1.1459057552870566
47300,14.09,1.59433371663526,3.63,1.3164725595317204
47400,13.76,1.7951044537853498,3.75,1.1779218989389746
47500,14.03,1.681992865621017,3.92,1.1196428001822727
47600,14.03,1.7114613638642269,3.52,1.0628264204469138
47700,14.26,1.308587024236447,3.88,1.2106196760337242
47800,13.96,1.9540726700918774,3.75,1.1434596626029272
47900,13.97,1.6640612969479223,3.74,1.1800000000000004
48000,14.13,1.4876491521860933,3.71,1.061084351029644
48100,14.2,1.3638181696985863,3.78,1.1539497389401332
48200,14.29,1.5955876660340547,3.8,0.948683298050514
48300,14.01,1.7116950663012385,3.84,1.1637869220780925
48400,14.03,1.6760369924318497,3.66,1.218359552841442
48500,14.11,1.678660180024534,4.02,1.2804686642007301
48600,14.13,1.5852760012060996,3.76,1.1842297074469965
48700,14.03,1.4996999699939986,3.8,1.1575836902790226
48800,14.33,1.3420506696842716,3.76,1.3124023773218332
48900,14.15,1.6815171720800235,3.76,1.1757550765359255
49000,14.08,1.8093092604637822,3.77,1.1563304026099108
49100,14.26,1.2619033243477886,3.82,1.1347246362003418
49200,14.51,1.3963881981741324,4.04,1.2403225386970922
49300,14.18,1.5058552387264854,3.7,1.0816653826391969
49400,14.25,1.4026760139105539,3.54,0.9425497334358549
49500,13.81,1.7702824633374181,3.62,1.2064824905484535
49600,14.33,1.456399670420178,3.54,1.1083320801997936
49700,14.06,1.742526900796657,3.73,1.094120651482276
49800,14.28,1.3422369388450013,4.1,1.1
49900,14.26,1.7698587514262263,3.76,1.0594338110519221
50000,13.99,1.7578111388883626,3.65,1.1434596626029274
50100,14.08,1.7758378304338494,3.57,1.0886229834061008
50200,14.44,1.4022838514366491,3.69,1.2703936397825681
50300,14.21,1.6142800252744256,3.85,1.2519984025548911
50400,14.33,1.442601816164115,3.76,1.1235657524150509
50500,14.26,1.6408534364774934,3.55,0.9205976319760983
50600,14.12,1.5954936540143307,3.43,0.9407975340103732
50700,13.89,1.6905324604987628,3.71,1.1941105476462384
50800,14.19,1.3689046716261881,3.86,1.0584894897919388
50900,14.47,1.5456713751635571,3.73,0.9884836872705588
51000,14.02,1.7943243853885513,3.91,1.1924344845734716
51100,14.24,1.5692036196746422,3.79,1.2433422698517087
51200,14.18,1.7284675293449976,3.82,1.1779643458101772
51300,13.96,1.6243152403397563,3.64,1.118212859879548
51400,14.1,1.6217274740226857,3.62,1.206482490548454
51500,14.06,1.6900887550658403,3.91,1.123343224486622
51600,14.48,1.7971087891388209,3.68,1.028396810574596
51700,14.12,1.845426779907565,3.86,1.2330450113438671
51800,14.1,1.7691806012954137,3.76,1.1499565209172038
51900,14.07,1.940386559425724,3.75,1.1694015563526499
52000,14.36,1.4178857499812887,3.77,1.103222552343814
52100,14.27,1.5802215034608282,3.94,1.2634872377669673
52200,14.39,1.502631025900902,3.75,1.0712142642814275
52300,13.99,1.8465914545453739,3.77,1.4060938802227962
52400,14.17,1.772314870444866,3.84,1.1199999999999999
52500,14.41,1.5562454819211518,3.34,1.0883014288330226
52600,13.96,1.7771887913218454,3.7,1.2609520212918492
52700,14.31,1.9374983870961016,3.7,1.2041594578792296
52800,14.29,1.4580466384858897,3.72,1.2416118556135005
52900,14.23,1.502364802569602,3.8,1.2569805089976536
53000,14.07,1.6447188209539045,3.54,1.203494910666431
53100,14.27,1.5222023518573349,3.83,1.217004519301386
53200,14.15,1.8076227482525218,3.82,1.194822162499507
53300,14.28,1.4358272876638054,3.67,1.149391143171027
53400,14.4,1.4142135623730956,3.66,1.088301428833023
53500,14.2,1.6186414056238652,3.82,1.1258774356030048
53600,14.16,1.5666524822052914,3.87,1.2300812981262668
53700,14.39,1.6486054712999088,3.85,1.2278029157808672
53800,14.18,1.693398948859955,3.74,1.3085870242364468
53900,14.22,1.439305388025765,3.78,1.13648581161403
54000,14.2,1.311487704860401,3.71,1.2024558203942466
54100,14.38,1.354843164355196,3.73,1.037834283496166
54200,14.12,1.632666530556684,3.75,1.116915395184434
54300,14.13,1.4741438193066514,3.67,1.225193862211201
54400,14.25,1.5256146302392357,3.62,1.2229472596968356
54500,14.16,1.5856859714331841,3.71,1.1427598172844544
54600,14.16,1.7647662734764624,3.71,1.0797684937059429
54700,14.36,1.5717506163510813,3.51,0.9538867857350785
54800,14.33,1.7207847047204952,3.73,1.3479985163196586
54900,14.51,1.337871443749361,3.8,1.148912529307606
55000,14.54,1.268227108999016,3.63,1.2054459755625717
55100,14.25,1.7109938632268673,3.7,1.1180339887498945
55200,14.29,1.589308025525575,3.99,1.2287798826478245
55300,14.1,1.7916472867168918,3.66,1.2346659467240517
55400,14.44,1.3661625086350453,3.72,1.0590561835898982
55500,14.31,1.553673067282819,3.8,1.148912529307606
55600,14.59,1.4077997016621364,3.82,1.2359611644384294
55700,14.3,1.808314132002512,3.72,1.2172099243762353
55800,14.52,1.3818827736099761,3.7,1.1704699910719627
55900,14.5,1.5,3.88,1.251239385569364
56000,14.19,1.7646246059714792,3.68,1.139122469271852
56100,14.34,1.6384138671288155,3.78,1.0543244282477764
56200,14.34,1.3944174410842678,3.82,1.2114454176726244
56300,14.15,1.589811309558464,3.71,1.1427598172844546
56400,14.04,1.9334942461771127,3.93,1.2826145173044001
56500,14.29,1.430349607613468,3.62,0.9877246579892597
56600,14.42,1.5822768405054783,3.59,1.2656618821786487
56700,14.43,1.4370455803487938,3.72,1.166876171665186
56800,14.36,1.4934523762075587,3.69,1.0741973747873343
56900,14.32,1.5025311976794353,4.07,1.2430205147140583
57000,14.53,1.2120643547270915,3.83,1.2333288288206024
57100,14.45,1.6815171720800226,3.95,1.2599603168354152
57200,14.12,1.7162750362339956,3.78,1.1711532777565883
57300,14.22,1.5848028268526018,3.62,1.037111372997134
57400,14.35,1.423903086589815,3.68,1.1565465835840776
57500,13.99,1.6881646839097189,3.79,1.2024558203942461
57600,14.33,1.6189811611010185,3.82,1.2278436382536653
57700,13.92,1.9732207175072942,3.71,1.2433422698517096
57800,14.17,1.5940828083885723,3.76,1.0873821775254546
57900,14.2,1.5937377450509238,3.8,1.0392304845413267
58000,14.49,1.5779416972752829,3.7,0.9949874371066202
58100,14.26,1.6038703189472643,3.82,1.1522152576667255
58200,14.31,1.665502927046363,3.79,1.168717245530329
58300,14.3,1.8303005217723118,3.87,1.2381841543163123
58400,14.23,1.7768230075052496,3.94,1.1646458689232537
58500,14.44,1.344023809312916,3.85,1.2196310917650464
58600,14.33,1.7666635220097802,3.78,1.16258333034669
58700,14.41,1.357166165213383,3.63,1.1717934971657757
58800,14.49,1.6278513445643623,3.76,1.2658593918757322
58900,14.19,1.7475411297019596,3.82,1.2913558765886344
59000,14.19,1.7759222955974163,3.87,1.1283173312503894
59100,14.18,1.8513778652668407,3.5,1.1357816691600546
59200,14.48,1.5967466924969655,3.9,1.170469991071963
59300,14.37,1.4741438193066507,3.76,1.175755076535925
59400,14.33,1.726586227212531,3.78,1.0916043239196156
59500,14.2,1.8973665961010282,3.79,1.2751078385768002
59600,14.53,1.25263721803242,3.88,1.051475154247593
59700,14.52,1.276557871778636,3.84,1.3836184445142385
59800,14.33,1.6435023577713552,3.69,1.1806354221350475
59900,14.49,1.3963881981741326,3.91,1.184018580935283
60000,14.17,1.7091225819115485,3.83,1.1050339361304697
60100,14.45,1.5058220346375595,3.79,1.1941105476462386
60200,14.52,1.5967466924969662,3.84,1.1723480711802277
60300,14.31,2.2031568260112575,3.59,1.1410083259994208
60400,14.67,1.3042622435691384,3.97,1.2841728855570813
60500,14.15,1.7342145196024625,3.65,1.2990381056766584
60600,14.48,1.3452137376640185,3.84,1.324537655183876
60700,14.26,1.5723867208800764,3.71,1.1941105476462388
60800,14.3,1.5968719422671314,3.76,1.1926441212700456
60900,14.41,1.5817395487247574,3.71,1.151477311977965
61000,14.33,1.8387767673102688,3.82,1.2520383380711626
61100,14.51,1.3378714437493615,3.7,1.0908712114635715
61200,14.47,1.545671375163557,3.67,1.2251938622112017
61300,14.47,1.4930170796075986,3.79,1.1072036849649662
61400,14.27,2.0535578881541183,3.78,1.2456323695216016
61500,14.53,1.4384366513684226,3.93,1.1853691408164804
61600,14.47,1.4032462364104175,3.62,1.0371113729971337
61700,14.42,1.6073580808270445,3.67,1.0397595875970562
61800,14.42,1.6503332996701001,3.65,1.0805091392487156
61900,14.52,1.6216041440499591,3.74,1.091970695577496
62000,14.61,1.4134709052541543,3.71,1.218974979234603
62100,14.48,1.6092234151913145,3.7,1.0908712114635715
62200,14.41,1.449793088685416,3.66,0.9820386957752733
62300,14.68,1.495860956105213,3.82,1.2440257232067187
62400,14.6,1.3564659966250543,3.82,1.227843638253666
62500,14.52,1.4524462124292248,3.95,1.3219304066402287
62600,14.36,1.8358649187780685,3.8,1.3038404810405293
62700,14.68,1.4620533505997653,3.79,1.1427598172844544
62800,14.53,1.5840138888279989,3.55,1.0428326807307102
62900,14.15,2.0118399538730714,3.98,1.1998333217576516
63000,14.45,1.4857657958103625,3.86,0.9488940931421161
63100,14.65,1.3143439428094918,3.63,0.9659710140578754
63200,14.42,1.7503142574977784,3.59,0.9705153270299237
63300,14.54,1.4657421328460196,3.83,1.1836807001890326
63400,14.19,1.5728636304524313,3.76,1.2092973166264778
63500,14.75,1.291317157014496,3.78,1.2375782803523987
63600,14.4,1.6431676725154991,4.08,1.188949115816148
63700,14.71,1.3213250924734612,3.96,1.2076423311560418
63800,14.38,1.4126570709128239,3.66,1.1244554237496474
63900,14.45,1.4239030865898141,3.64,1.1620671237067157
64000,14.42,1.4012851244482685,3.7,1.1269427669584646
64100,14.58,1.4911740341086952,3.74,1.1010903686800644
64200,14.61,1.5677691156544693,3.81,1.2057777573002417
64300,14.59,1.2497599769555754,3.66,1.0697663296253062
64400,14.34,1.6076069171286858,3.73,1.0569295151522642
64500,14.45,1.499166435056495,3.66,1.2265398485169563
64600,14.51,1.7175272923595712,3.76,1.2893409169028955
64700,14.35,1.6271140095272987,3.67,1.233328828820603
64800,14.4,1.6370705543744908,3.96,1.3108775686539154
64900,14.63,1.3390668392578464,3.9,1.1789826122551597
65000,14.56,1.6206171663906317,3.98,1.2647529403009903
65100,14.4,1.8708286933869713,3.87,1.1283173312503896
65200,14.67,1.587797216271651,3.87,1.2779280104919846
65300,14.2,1.8920887928424508,3.55,1.0988630487917954
65400,14.53,1.41742724681022,3.92,1.285923792454281
65500,14.57,1.5378881623837286,3.73,1.0941206514822759
65600,14.39,1.5677691156544689,3.83,1.0493331215586397
65700,14.34,1.5570484899321528,3.67,1.1229870880824946
65800,14.5,1.2767145334803705,3.54,1.0622617379911607
65900,14.7,1.2041594578792296,3.82,1.2031624994156027
66000,14.7,1.452583904633395,3.75,1.306713434537198
66100,14.55,1.564448784716201,3.73,1.2235603785674007
66200,14.29,1.6388715629969306,3.76,1.1672189169131897
66300,14.57,1.443987534572235,3.72,1.2172099243762353
66400,14.52,1.3962807740565648,3.68,1.2560254774486066
66500,14.54,1.734473983661905,3.69,1.0648474069086147
66600,14.76,1.3199999999999996,4.0,1.2328828005937953
66700,14.4,1.6124515496597107,3.73,1.1734990413289654
66800,14.23,1.8860275713785308,3.79,1.0889903580840372
66900,14.67,1.400392802038058,3.79,1.1161989070053777
67000,14.69,1.4049555153100057,3.76,1.2970736293672767
67100,14.38,1.647907764409161,3.69,1.128671785772995
67200,14.69,1.4744151382836528,3.73,1.1032225523438144
67300,14.23,1.82677311125383,3.7,1.2041594578792298
67400,14.62,1.2310970717209915,3.58,1.0693923508235879
67500,14.54,1.3814485151463303,3.91,1.1144056711987786
67600,14.7,1.374772708486752,3.65,1.3369741957120944
67700,14.59,1.3863260799682016,3.79,1.0889903580840374
67800,14.76,1.3937001112147471,3.83,1.2004582458378126
67900,14.5,1.5394804318340654,4.02,1.2245815611873312
68000,14.55,1.7109938632268669,3.94,1.1297787393998884
68100,14.88,1.2270289320142374,3.76,1.0688311372709909
68200,14.6,1.4764823060233405,3.65,1.116915395184434
68300,14.57,1.5443768970040967,4.09,1.2173331507849448
68400,14.77,1.3989639023219997,3.78,1.0824047302187854
68500,14.66,1.38,3.79,1.2984221193433196
68600,14.73,1.4412147653975795,3.89,1.2074352984735874
68700,14.63,1.9269405802982094,3.69,1.0648474069086147
68800,14.4,1.7320508075688785,3.85,1.1079259903080165
68900,14.41,1.4703400967123212,3.77,1.2716524682475157
69000,14.57,1.6748432762500503,3.82,1.2835887191776032
69100,14.67,1.4075155416548701,3.62,1.12942463227964
69200,14.53,1.6214499683924881,3.61,1.0382196299434923
69300,14.92,1.2936769303036988,3.83,1.2333288288206021
69400,14.58,1.6135674761223961,3.73,1.0663489110042734
69500,14.71,1.3659795020423993,3.95,1.4517231140957976
69600,14.76,1.4008568806269965,3.77,1.1563304026099113
69700,14.86,1.3192422067232374,3.86,1.2650691680694768
69800,14.61,1.462155942435689,3.67,1.1406577050105782
69900,14.63,1.5208878985645191,4.0,1.1661903789690602
70000,14.57,1.5953369550035508,3.82,1.2679116688476366
70100,14.58,1.733089726471194,3.66,1.0509043724335716
70200,14.46,1.6517869111964778,4.02,1.2163880959627988
70300,14.52,1.577846633865282,3.91,1.149739100839839
70400,14.64,1.452721583786791,3.79,1.2271511724314978
70500,14.54,1.7856091397615543,3.74,1.2216382443260358
70600,14.67,1.5751507864328427,3.77,1.0756858277396797
70700,14.66,1.6138153549895349,3.83,1.34205066968427
70800,14.66,1.8122913673027294,3.67,1.0300970828033638
70900,14.9,1.5066519173319366,3.93,1.1937755232873564
71000,14.92,1.3687950905814945,3.82,1.0524257693538295
71100,14.73,1.4202464574854605,3.97,1.25263721803242
71200,14.53,1.670059879166014,3.77,1.1032225523438142
71300,14.68,1.7937669859822922,3.54,1.0809255293497335
71400,14.63,1.56623752987853,3.79,1.2984221193433203
71500,14.61,1.4345382532369073,3.6,1.1313708498984756
71600,14.67,1.3420506696842713,4.01,1.2287798826478247
71700,14.52,1.8082035283673128,3.9,1.170469991071963
71800,14.76,1.5370100845472676,3.79,1.3137351331223504
71900,14.67,1.4075155416548697,3.88,1.2828094168659656
72000,14.77,1.4342593907658399,3.84,1.246755790040696
72100,14.5,1.7578395831246945,3.83,1.288836684766537
72200,14.71,1.6266222671536255,4.06,1.1473447607410776
72300,14.66,1.563457706495446,3.98,1.256821387469198
72400,14.57,1.5248278591368938,3.7,1.187434208703792
72500,14.76,1.6069847541280535,3.73,1.0085137579626764
72600,14.9,1.431782106327636,3.78,1.109774751920407
72700,14.71,1.681041343929411,3.66,1.0603772913449245
72800,14.52,2.007386360419936,3.84,1.1892854997854805
72900,14.9,1.2206555615733705,3.63,1.0830974102083337
73000,14.8,1.6970562748477145,3.81,1.101771301132862
73100,14.78,1.526957759730111,3.68,0.9987992791347026
73200,14.98,1.5490642336585025,3.81,1.3014991356124677
73300,14.72,1.5497096502248413,3.78,1.171153277756588
73400,14.91,1.5237781990827932,3.67,1.2170045193013876
73500,14.89,1.4134709052541556,3.89,1.1126095451684754
73600,14.69,1.9219521325985178,4.07,1.491676908717166
73700,14.79,1.7105262348178125,3.61,1.1738398527908314
73800,14.81,1.2304064369142418,3.76,1.141227409414968
73900,14.73,1.6300613485387598,3.74,1.1714947716485977
74000,14.77,1.5928276742949936,3.94,1.2713772060250257
74100,14.99,1.499966666296289,3.77,0.9884836872705586
74200,14.88,1.457943757488608,4.06,1.3101144988129858
74300,14.83,1.5495483212859154,3.86,0.9382963284591912
74400,14.72,1.3272528018429648,3.71,1.0420652570736635
74500,14.85,1.3955285736952858,3.63,1.1104503590885995
74600,14.8,1.469693845669907,4.06,1.279218511435791
74700,14.76,1.497464523786791,3.85,1.0805091392487145
74800,14.65,1.5516120649182905,3.8,1.0295630140987007
74900,14.54,1.997097894445837,3.98,1.2568213874691985
75000,14.99,1.6643016553497756,3.9,1.1445523142259602
75100,14.56,1.8128430709799463,3.7,1.1958260743101397
75200,14.74,1.6347476869535553,3.75,1.243985530462473
75300,14.63,1.5726092966786118,3.73,1.1563304026099117
75400,14.78,1.6767826334978546,3.69,1.0168087332433773
75500,14.71,1.3805433712853794,3.75,1.243985530462473
75600,14.83,1.4632498077908633,3.72,1.1408768557561328
75700,14.81,1.7360587547660933,3.77,1.215360028962611
75800,14.71,1.8182134088164679,3.74,1.221638244326036
75900,14.74,1.5596153371905523,3.85,1.0897247358851678
76000,14.68,1.8432579851990332,4.02,1.232720568498799
76100,14.9,1.374772708486752,3.89,1.1566762727747126
76200,14.97,1.6028412273210346,3.8,0.9695359714832662
76300,14.67,1.8711226576576954,3.77,1.2071039723238424
76400,15.04,1.207642331156042,3.73,1.0183810681665286
76500,14.72,1.6129476122924757,3.79,1.2271511724314976
76600,14.96,1.310877568653915,3.9,1.0344080432788605
76700,14.85,1.143459662602927,3.62,1.1556816170554933
76800,14.79,1.6388715629969306,3.82,1.169444312483497
76900,14.89,1.6303067196083083,3.71,1.125122215583712
77000,14.73,1.4754999152829529,3.82,1.2990765951243977
77100,14.76,1.5370100845472674,3.8,1.272792206135785
77200,14.82,1.5451860729374955,3.71,1.107203684964966
77300,15.03,1.5456713751635565,3.83,1.0300970828033627
77400,14.66,1.8451016232175386,3.64,1.044222198576528
77500,14.7,1.9157244060668006,3.9,1.1180339887498951
77600,14.76,1.5692036196746424,3.88,1.070327052820772
77700,14.71,1.5575300960174097,3.93,1.1068423555321694
77800,15.1,1.3076696830622023,3.69,1.0458967444255676
77900,14.52,1.6154256405046936,3.8,1.1747340124470735
78000,14.83,1.9029188106695458,3.89,0.9787236586493662
78100,14.86,1.964790065121464,3.82,0.8986656775464387
78200,14.96,1.3922643427165686,3.77,1.190420093916429
78300,14.71,1.8016381434683273,3.67,1.0867842472174503
78400,14.94,1.5800000000000007,4.03,1.34502788075192
78500,14.8,1.4071247279470294,3.64,1.0818502669038808
78600,14.95,1.6695807857064,3.72,1.0590561835898984
78700,14.86,1.7833676009168729,3.65,1.1608186766243902
78800,14.68,1.9229144546755055,3.76,1.059433811051922
78900,15.03,1.0531381675734672,4.04,1.28
79000,14.74,1.5140673697032108,3.61,1.1823282116231517
79100,15.06,1.3624977064200885,3.62,1.1469960767151737
79200,14.4,2.102379604162865,3.85,1.152171862180291
79300,14.74,1.76419953520003,3.75,1.243985530462473
79400,15.14,1.4072668545801816,3.89,1.2561448961007646
79500,14.67,1.7495999542752623,3.83,1.2574179893734612
79600,14.82,1.6271447384913245,3.61,1.0478072341800286
79700,14.69,1.7646246059714794,3.63,1.2054459755625715
79800,14.85,1.5708278072405004,3.89,1.264080693626796
79900,14.67,1.5495483212859167,3.55,1.4026760139105534
80000,15.11,1.1738398527908318,3.89,0.9580709785814413
80100,14.89,1.3030349189488368,3.93,1.234949391675627
80200,14.99,1.4177094201563314,4.06,1.3101144988129858
80300,14.45,1.739971264130531,3.93,1.2747941010218085
80400,14.58,1.839456441452203,4.08,1.4190137420053417
80500,14.75,1.8621224449536071,3.83,1.2494398745037705
80600,14.71,1.6987936896515718,3.76,1.0403845442911959
80700,15.01,1.5132415537514168,3.9,1.1704699910719631
80800,14.76,1.6131955864060623,3.78,1.1452510641776328
80900,15.01,1.8573906428104991,3.83,0.9701030873056733
81000,15.17,1.3568714014231404,3.9,1.1
81100,14.67,1.6374064858794228,3.85,1.3592277219068185
81200,14.81,1.8957584234284701,3.91,1.3571661652133837
81300,14.83,1.5559884318336041,3.62,1.0562196741208714
81400,15.15,1.4448183276799886,3.94,1.340298474221321
81500,14.65,1.9150718002205562,3.98,1.2245815611873305
81600,14.78,1.7063411147833256,3.79,1.1601293031382316
81700,15.12,1.437219537857735,3.93,0.9925220400575493
81800,14.87,1.3390668392578475,3.77,1.1649463506960307
81900,15.03,1.6459343850834396,3.72,1.0007996802557446
82000,14.89,1.8215103623092563,3.82,1.2196720870791458
82100,14.91,1.6130406070524084,3.59,1.068597211300872
82200,14.97,1.3961017154921058,4.05,1.3294735800308326
82300,14.96,1.7545369759569047,3.88,1.0419213022104885
82400,14.7,1.9,3.72,1.1232096865679178
82500,14.94,1.7367786272291592,3.93,1.210413152605341
82600,14.96,1.5027973915335362,3.8,1.1135528725660044
82700,14.81,1.3834377470634525,3.9,1.1704699910719627
82800,14.92,1.7127755252805315,3.92,1.2623787070447605
82900,14.91,1.59433371663526,3.94,1.1816936997377963
83000,15.18,1.3295111883696202,3.91,1.200791405698759
83100,14.94,1.5480310074413894,3.82,1.0332473082471585
83200,15.03,1.3225354437594479,3.85,1.2439855304624725
83300,14.99,1.5588136514670385,3.63,1.0455142275454692
83400,14.77,1.6422849935379664,3.74,1.1280070921762861
83500,15.11,1.427550349374761,3.98,1.1223190277278559
83600,15.04,1.7431006855600746,3.73,1.0474254150057658
83700,15.03,1.8025260053602556,3.76,1.2175385004179538
83800,15.07,1.3729894391436523,3.96,1.377824371971987
83900,14.94,1.5480310074413894,3.83,1.1318568814121326
84000,14.83,1.6973803345155143,3.62,1.1025425161870175
84100,14.97,1.5713370103195565,3.67,0.9905049217444606
84200,14.98,1.256821387469199,3.97,1.1786008654332476
84300,14.96,1.7315888657530694,3.93,1.2349493916756267
84400,14.9,1.4177446878757824,3.91,1.1840185809352832
84500,14.99,1.615518492620868,3.94,1.0470912090166744
84600,15.14,1.5232859219463684,3.9,1.0148891565092222
84700,15.1,1.6822603841260722,3.87,1.1887388274974453
84800,15.1,1.5329709716755888,3.84,1.246755790040696
84900,14.89,1.482531618549838,3.76,1.2970736293672764
85000,15.1,1.4730919862656235,3.65,1.0331989159885915
85100,14.88,1.7735839421916293,3.97,1.1786008654332476
85200,15.18,1.4790537515587456,3.73,1.1032225523438142
85300,15.1,1.6031219541881396,3.82,1.1079711187571626
85400,14.83,1.5495483212859154,3.78,1.0057832768544133
85500,15.17,1.5169377047196093,3.71,0.97257390464684
85600,14.98,1.7887425751068828,3.88,1.1771151175649728
85700,15.15,1.3883443376914817,3.84,1.0170545708072893
85800,14.98,1.5164432069813896,3.81,1.197455635921432
85900,15.0,1.4,3.86,1.1749042514179606
86000,15.14,1.5232859219463684,3.85,1.2114041439585714
86100,14.94,1.6602409463689307,3.82,1.1864231959971105
86200,14.86,1.5034626699722204,3.94,1.1208925015361644
86300,15.01,1.3076314465475363,3.81,1.0362914647916386
86400,15.11,1.5930787802240045,3.81,1.1286717857729944
86500,14.72,1.6314410807626487,3.81,1.119776763466719
86600,14.99,1.7804212984571945,3.91,1.2577360613419657
86700,15.12,1.6387800340497203,3.6,1.0954451150103317
86800,14.95,1.402676013910554,3.78,1.13648581161403
86900,14.91,2.0104477113319814,3.86,1.2729493312775646
87000,15.31,1.5407465722824123,4.11,1.248158643762884
87100,14.78,1.808756478910304,3.96,1.2563439019631528
87200,15.01,1.5715915499900102,3.86,1.0101485039339506
87300,15.27,1.1904200939164293,3.69,1.0554146104730604
87400,14.97,1.5195723082499235,3.84,1.1019981851164729
87500,15.11,1.5026310259009041,3.83,1.1493911431710262
87600,15.18,1.3295111883696202,3.91,1.0108906963663284
87700,15.04,1.4277254638059798,3.92,1.1106754701531858
87800,15.22,1.4041367454774478,3.96,1.2642784503423288
87900,15.11,1.3482952198980767,3.71,1.1339753083731587
88000,15.0,1.9544820285692064,3.81,0.9766780431646858
88100,15.31,1.3689046716261883,3.78,1.0916043239196154
88200,14.74,1.7641995352000297,4.11,1.264080693626796
88300,15.36,1.3676256797823,3.8,1.1489125293076061
88400,15.18,1.3444701558606642,3.72,1.0961751684835779
88500,15.43,1.443987534572235,3.79,1.1427598172844544
88600,14.95,1.878163997099295,3.75,1.2599603168354152
88700,15.05,1.5835087622113118,3.91,1.114405671198779
88800,15.06,1.8320480343047787,3.65,0.9937303457175897
88900,14.87,1.968019308848366,3.84,1.1110355529864915
89000,15.17,1.4700680256369085,3.87,1.0922911699725495
89100,14.96,1.71417618697729,3.88,1.0514751542475933
89200,15.34,1.4847221962373962,3.9,1.118033988749895
89300,15.01,1.7291327305906854,3.66,1.1244554237496471
89400,15.0,1.5748015748023623,3.8,1.2489995996796792
89500,14.93,2.055504804178283,3.82,1.1169601604354553
89600,15.25,1.3665650368716449,3.78,1.2615863030328123
89700,14.72,1.965095417530659,3.87,1.1802965729002184
89800,14.82,1.872858777377516,3.91,1.15840407457847
89900,15.04,1.5615377036754508,3.89,1.1126095451684752
90000,15.04,1.5742934923323542,3.78,1.2773409881468611
90100,15.11,1.3920847675339325,3.71,1.1427598172844546
90200,15.06,1.6175289796476606,3.81,1.2860404348231054
90300,14.94,1.8591395859375388,3.91,1.123343224486622
90400,15.04,1.3994284547628724,3.95,1.1608186766243902
90500,14.84,1.467787450552702,3.95,1.1608186766243902
90600,15.18,1.3738995596476475,4.09,1.225520297669525
90700,15.43,1.210413152605341,3.88,1.2512393855693638
90800,14.94,1.5480310074413894,3.8,1.1401754250991385
90900,14.76,1.7556765077883794,3.71,1.0610843510296437
91000,15.04,1.3335666462535722,3.78,1.0824047302187851
91100,15.08,1.6593974810153236,3.87,1.262180652680115
91200,15.06,1.6298466185503473,3.79,1.2024558203942457
91300,15.01,1.4662537297480276,3.87,1.0359054010864126
91400,14.91,1.7093566041057675,3.94,1.2232742946698432
91500,15.15,1.5058220346375593,3.83,1.1752021102772061
91600,15.11,1.6303067196083079,3.76,1.068831137270991
91700,15.04,1.5679285698015715,4.03,1.268503054785443
91800,14.87,1.7242679606140117,3.79,1.0797684937059424
91900,15.27,1.4550257729676133,3.95,1.2757350822173075
92000,14.78,1.9056757331718337,3.92,1.0264501936285073
92100,15.06,1.5736581585592224,3.77,1.1212047092302102
92200,14.93,1.6568343308852582,4.0,1.3341664064126333
92300,15.27,1.5417846801677597,3.84,0.9562426470305536
92400,15.03,1.5261389189716643,3.71,1.0420652570736637
92500,14.97,1.4930170796075977,3.86,1.0584894897919388
92600,15.3,1.5524174696260025,3.79,1.1857065404222076
92700,15.15,1.6393596310755,3.81,1.254551712764365
92800,14.92,1.8312837027615358,3.72,1.175414820393209
92900,15.36,1.5396103403134198,3.83,1.1836807001890326
93000,15.01,1.7747957628978046,3.98,1.3563185466548784
93100,15.01,1.6339828640472338,3.82,1.2359611644384294
93200,15.29,1.5316331153380045,4.13,1.2381841543163121
93300,14.98,1.6791664598841898,3.85,1.134680571791021
93400,14.93,1.6447188209539043,3.85,1.0712142642814269
93500,15.26,1.4465130486794786,3.9,1.2206555615733707
93600,14.96,1.5226293048539423,4.03,1.3524422353653411
93700,15.11,1.4345382532369089,3.75,1.1346805717910218
93800,15.1,1.596871942267131,4.01,1.3228378585450304
93900,15.03,1.9362592801585228,3.83,1.1666619047521862
94000,15.35,1.3444329659748753,3.91,1.1755424279880335
94100,15.21,1.5703184390434954,3.65,1.1947803145348526
94200,14.86,1.8221964767828964,3.78,1.0447966309287187
94300,15.28,1.7893015397076026,3.75,1.2196310917650468
94400,15.19,1.5342424840943498,3.79,1.2271511724314978
94500,15.25,1.5835087622113115,3.83,1.2494398745037703
94600,15.36,1.5134067529914113,3.8,1.1135528725660047
94700,15.14,1.378549962823255,3.72,1.1668761716651856
94800,14.76,1.8553705829294582,3.83,1.1920989891783313
94900,14.81,1.8476742137075997,3.88,1.1249888888340185
95000,14.77,1.8376887658142766,3.88,1.274990196040738
95100,15.14,1.6554153557340219,3.86,1.0678951259369984
95200,14.84,1.5344054223053305,3.64,1.1534296684236962
95300,15.48,1.4593149077563752,4.03,1.0995908329919821
95400,15.12,1.845426779907565,3.88,1.321211565193099
95500,15.14,1.476617756902577,3.87,1.0830974102083348
95600,15.26,1.5140673697032112,4.03,1.178600865433248
95700,14.99,1.6400914608643027,3.82,1.177964345810177
95800,15.09,1.4972975656161347,3.74,1.3009227494359532
95900,14.89,1.8379064176393742,3.85,1.2835497652993435
96000,15.11,1.8433393610510242,3.75,1.1947803145348521
96100,15.35,1.6271140095272985,3.68,1.0476640682967042
96200,15.29,1.437323902257247,4.04,1.3260467563400624
96300,15.27,1.4412147653975795,3.69,1.064847406908615
96400,15.23,1.684369318172235,3.77,1.138902980942626
96500,15.11,1.427550349374761,3.92,1.172006825918689
96600,15.08,1.5727682601070003,3.79,1.1339753083731585
96700,15.05,1.790949468857232,3.97,1.1441590798486023
96800,15.22,1.9161419571628826,3.88,1.1249888888340185
96900,14.95,1.9716744153130357,3.82,1.003792807306368
97000,15.32,1.3991425945914164,3.72,1.3120975573485378
97100,15.03,1.7231076576929254,3.77,1.0941206514822757
97200,14.8,1.9131126469708992,3.85,1.2990381056766578
97300,15.47,1.2841728855570815,3.63,1.1104503590885995
97400,15.01,1.6278513445643623,3.93,1.1068423555321696
97500,15.06,1.5544774041458442,3.99,1.2287798826478242
97600,15.03,1.6459343850834394,4.14,1.0394229168149018
97700,14.71,2.3887025767139787,3.73,1.3103816238027763
97800,14.92,1.6654128617252852,3.75,1.3219304066402287
97900,15.11,1.6179925834193434,3.91,1.2891470048058915
98000,15.31,1.4744151382836528,3.96,1.3032267646115936
98100,15.61,1.1566762727747124,3.9,1.228820572744451
98200,15.04,1.6365818036383033,3.68,1.139122469271852
98300,15.11,1.6546600859391032,4.03,1.0435995400535596
98400,15.05,1.915071800220556,4.05,1.2439855304624732
98500,15.15,1.4585952145814818,4.09,1.3423486879346964
98600,15.12,1.6749925372968093,3.83,1.2251938622112006
98700,14.94,1.5285287043428408,3.79,1.1857065404222071
98800,15.17,1.7265862272125303,3.87,1.1632282665066223
98900,15.02,1.897261183917492,3.87,1.0922911699725497
99000,15.06,1.4820256408038297,3.74,1.1714947716485975
99100,15.33,1.4286707108357757,3.7,1.1
99200,15.12,1.5892136420255147,3.67,1.225193862211202
99300,15.46,1.1783038657324358,3.68,1.038075141788879
99400,15.53,1.1954497061775542,3.82,1.1258774356030044
99500,15.13,1.6891121928397768,3.82,1.169444312483497
99600,15.22,1.4323407415835094,3.51,1.0049378090210355
99700,15.48,1.3452137376640187,3.97,1.135385397122933
99800,15.09,1.9343991315134537,3.63,1.055035544424926
99900,15.28,1.5104966070799368,3.99,1.135737645761556
